Text,Label
Türkiye’nin 2053 net sıfır emisyon hedefi doğrultusunda hidrojen kullanımı yaygınlaştırılacaktır.,Opportunity
Elektrolizör kurulu gücünün 2053'e kadar 70 GW’a çıkarılması hedeflenmektedir.,Strength
Yerli ve millî hidrojen teknolojileri için Ar-Ge yatırımları artırılmalıdır.,Opportunity
Mevcut mevzuat hidrojen açısından yetersiz kalmaktadır.,Weakness
Hidrojenin enerji sektörüne entegrasyonu iklim hedeflerine katkı sağlar.,Strength
Hidrojen teknolojileri henüz yüksek maliyetlidir.,Weakness
Türkiye'nin doğal gaz altyapısı hidrojen taşımasına uygundur.,Strength
Hidrojen üretiminde dışa bağımlılık risk oluşturmaktadır.,Threat
Enerji ticaretinin coğrafyası hidrojen ile değişmektedir.,Opportunity
Yeşil hidrojenin üretimi için teşvik programları geliştirilecektir.,Opportunity
Hidrojenin depolanması için yer altı altyapısı yeterli değildir.,Weakness
Uluslararası sertifikasyon eksikliği ticarette engel yaratmaktadır.,Threat
Türkiye’nin coğrafi konumu hidrojen ihracatı için avantaj sağlar.,Strength
Hidrojen sektöründe nitelikli insan gücü eksikliği vardır.,Weakness
Karbon yakalama teknolojilerinin yeterince yaygın olmaması risktir.,Threat
Çin ve ABD gibi ülkeler hidrojen teknolojilerinde lider konumda.,Threat
"Türkiye, yeşil hidrojen pazarında güvenilir tedarikçi olabilir.",Opportunity
REPowerEU kapsamında Avrupa’da yeşil hidrojen talebi artacaktır.,Opportunity
AB’nin hidrojen bankası yatırımlar için fırsat sunmaktadır.,Opportunity
Türkiye hidrojen üretimi için güneş ve rüzgâr potansiyeline sahiptir.,Strength
Karar destek sistemleri ve veri yönetimi altyapısı eksiktir.,Weakness
İthal teknolojiye bağımlılık teknoloji transferinde sorun yaratır.,Threat
Enerji verimliliği açısından hidrojen sistemleri önemlidir.,Strength
Yüksek maliyetli elektroliz sistemleri yaygınlaşmayı zorlaştırır.,Weakness
Sanayi entegrasyonu için hidrojen dönüşümü stratejik değere sahiptir.,Strength
Hidrojenin ekonomik potansiyeli yeni yatırım alanları doğurur.,Opportunity
Yakıt hücresi üretimi için ulusal üretim kapasitesi sınırlıdır.,Weakness
Elektrik üretiminde hidrojenin kullanımı karbon salımını azaltır.,Strength
Uzun vadede hidrojen ihracatı ile döviz girdisi sağlanabilir.,Opportunity
Siyasi belirsizlikler yatırımları olumsuz etkileyebilir.,Threat
Turkey aims to achieve 70 GW of installed electrolyzer capacity by 2053.,Strength
The lack of a global certification system for green hydrogen is a barrier.,Threat
Hydrogen infrastructure investments will support the 2053 net-zero target.,Strength
High production costs still hinder large-scale adoption.,Weakness
Turkey can be a reliable supplier in the EU hydrogen market.,Opportunity
REPowerEU strategy increases demand for green hydrogen in Europe.,Opportunity
Energy security concerns push countries toward hydrogen investments.,Opportunity
Lack of skilled labor in hydrogen sector limits deployment.,Weakness
Hydrogen’s ability to decarbonize industry is a competitive advantage.,Strength
Import dependency on electrolyzer technology poses risks.,Threat
Hydrogen can complement electrification in industrial transformation.,Strength
The Hydrogen Earthshot aims to reduce US hydrogen costs below $1/kg.,Opportunity
Global competition in hydrogen technology poses strategic challenges.,Threat
Hydrogen hubs enable regional cooperation and infrastructure building.,Opportunity
Excessive regulatory uncertainty may discourage investors.,Threat
Green hydrogen allows for flexible energy storage.,Strength
Hydrogen-derived fuels like ammonia are easier to transport.,Opportunity
Nuclear-powered electrolysis (pink hydrogen) can support stable supply.,Strength
Pipeline infrastructure adaptation requires additional funding.,Weakness
Strategic planning is essential for hydrogen market integration.,Strength
